full,given,family,pubmed
Orawan Pongraweewan,Orawan,Pongraweewan,Pongraweewan O
Ubolrat Santawat,Ubolrat,Santawat,Santawat U
Saowapark Chumpathong,Saowapark,Chumpathong,Chumpathong S
Yos Thabpenthai,Yos,Thabpenthai,Thabpenthai Y
Kittiphong Sujirattanawimol,Kittiphong,Sujirattanawimol,Sujirattanawimol K
Vorakran Jiranantarat,Vorakran,Jiranantarat,Jiranantarat V
Patiparn Toomtong,Patiparn,Toomtong,Toomtong P
Somkiat Aroonpruksakul,Somkiat,Aroonpruksakul,Aroonpruksakul S
Manee Raksakietisak,Manee,Raksakietisak,Raksakietisak M
Naiyana Aroonpruksakul,Naiyana,Aroonpruksakul,Aroonpruksakul N
Pathom Halilamien,Pathom,Halilamien,Halilamien P
Somchai Amornyotin,Somchai,Amornyotin,Amornyotin S
Tithiganya Duangrat,Tithiganya,Duangrat,Duangrat T
Prasert Sawasdiwipachai,Prasert,Sawasdiwipachai,Sawasdiwipachai P
Suwimon Tangwiwat,Suwimon,Tangwiwat,Tangwiwat S
Saipin Muangman,Saipin,Muangman,Muangman S
Pranee Rushatamukayanunt,Pranee,Rushatamukayanunt,Rushatamukayanunt P
Onuma Chaiwat,Onuma,Chaiwat,Chaiwat O
Kamheang Vacharaksa,Kamheang,Vacharaksa,Vacharaksa K
Pichaya Waitayawinyu,Pichaya,Waitayawinyu,Waitayawinyu P
Busara Sirivanasandha,Busara,Sirivanasandha,Sirivanasandha B
Kasana Raksamani,Kasana,Raksamani,Raksamani K
Poom Tritrakarn,Poom,Tritrakarn,Tritrakarn P
Yuttana Udomporn,Yuttana,Udomporn,Udomporn Y
Naruenart Lomarat,Naruenart,Lomarat,Lomarat N
Kattiya Manomatangkul,Kattiya,Manomatangkul,Manomatangkul K
Suvit Soontarinka,Suvit,Soontarinka,Soontarinka S
Sahatsa Mandee,Sahatsa,Mandee,Mandee S
Namtip Triyasunant,Namtip,Triyasunant,Triyasunant N
Saowaphak Lapmahapaisan,Saowaphak,Lapmahapaisan,Lapmahapaisan S
Phuriphong Songarj,Phuriphong,Songarj,Songarj P
Mingkwan Wongyingsinn,Mingkwan,Wongyingsinn,Wongyingsinn M
Pramote Euasobhon,Pramote,Euasobhon,Euasobhon P
Arunotai Siriussawakul,Arunotai,Siriussawakul,Siriussawakul A
Nantthasorn Zinboonyahgoon,Nantthasorn,Zinboonyahgoon,Zinboonyahgoon N
Tachawan Jirativanon,Tachawan,Jirativanon,Jirativanon T
Patchareya Nivatpumin,Patchareya,Nivatpumin,Nivatpumin P
Pawinee Pangthipampai,Pawinee,Pangthipampai,Pangthipampai P
Annop Piriyapatsom,Annop,Piriyapatsom,Piriyapatsom A
Sukanya Dejarkom,Sukanya,Dejarkom,Dejarkom S
Aphichat Suphathamwit,Aphichat,Suphathamwit,Suphathamwit A
Karuna Wongtangman,Karuna,Wongtangman,Wongtangman K
Sukunya Jirachaipitak,Sukunya,Jirachaipitak,Jirachaipitak S
Suratsawadee Wangnamthip,Suratsawadee,Wangnamthip,Wangnamthip S
Suppachai Poolsuppasit,Suppachai,Poolsuppasit,Poolsuppasit S
Taniga Kiatchai,Taniga,Kiatchai,Kiatchai T
Nophanan Chaikittisilpa,Nophanan,Chaikittisilpa,Chaikittisilpa N
Chaowanan Khamtuikrua,Chaowanan,Khamtuikrua,Khamtuikrua C
Sirirat Rattana-arpa,Sirirat,Rattana-arpa,Rattana-arpa S
Parichat Tovikkai,Parichat,Tovikkai,Tovikkai P
Choopong Luansritisakul,Choopong,Luansritisakul,Luansritisakul C
Panop Limratana,Panop,Limratana,Limratana P
Sarasate Eiamtanasate,Sarasate,Eiamtanasate,Eiamtanasate S
Thassayu Yuyen,Thassayu,Yuyen,Yuyen T
Sawita Kanavitoon,Sawita,Kanavitoon,Kanavitoon S
Wiriya Maisat,Wiriya,Maisat,Maisat W
Pattrapun Wongsripuemtet,Pattrapun,Wongsripuemtet,Wongsripuemtet P
Nuanprae Kitisin,Nuanprae,Kitisin,Kitisin N
Ekanong Sutthipongkiat,Ekanong,Sutthipongkiat,Sutthipongkiat E
Nattaya Raykateeraroj,Nattaya,Raykateeraroj,Raykateeraroj N
Nonthida Rojanapithayakorn,Nonthida,Rojanapithayakorn,Rojanapithayakorn N
Sirima Phoowanakulchai,Sirima,Phoowanakulchai,Phoowanakulchai S
Saranya Lertkovit,Saranya,Lertkovit,Lertkovit S
Peerachatra Mangmeesri,Peerachatra,Mangmeesri,Mangmeesri P
Pawit Somnuke,Pawit,Somnuke,Somnuke P
Jitsupa Nithiuthai,Jitsupa,Nithiuthai,Nithiuthai J
Issada Jindawatthana,Issada,Jindawatthana,Jindawatthana I
Raviwon Atisook,Raviwon,Atisook,Atisook R
Chutima Leewatchararoonjaroen,Chutima,Leewatchararoonjaroen,Leewatchararoonjaroen C
Chayapa Luckanachanthachote,Chayapa,Luckanachanthachote,Luckanachanthachote C
Samita Pirotesak,Samita,Pirotesak,Pirotesak S
Sirintip Swangwong,Sirintip,Swangwong,Swangwong S
Wariya Vongchaiudomchoke,Wariya,Vongchaiudomchoke,Vongchaiudomchoke W
Alif Noikham,Alif,Noikham,Noikham A
Rattanaporn Tankul,Rattanaporn,Tankul,Tankul R
Nattachai Hemtanon,Nattachai,Hemtanon,Hemtanon N
Thanawut Jitsinthunun,Thanawut,Jitsinthunun,Jitsinthunun T
Thirada Srinil,Thirada,Srinil,Srinil T
Jiratchaya Boondeekul,Jiratchaya,Boondeekul,Boondeekul J
Thanitthi Thiparporn,Thanitthi,Thiparporn,Thiparporn T
Ornin Chintabanyat,Ornin,Chintabanyat,Chintabanyat O
Surapa Tornsatitkul,Surapa,Tornsatitkul,Tornsatitkul S
Peleen Limprapassorn,Peleen,Limprapassorn,Limprapassorn P
Suchanun Lao-amornphunkul,Suchanun,Lao-amornphunkul,Lao-amornphunkul S
Varit Rangsaritwutikul,Varit,Rangsaritwutikul,Rangsaritwutikul V
Natpapat Tangpraphachaikul,Natpapat,Tangpraphachaikul,Tangpraphachaikul N
Napasorn Sakulteera,Napasorn,Sakulteera,Sakulteera N
Wasu Lertsiriphatthajit,Wasu,Lertsiriphatthajit,Lertsiriphatthajit W
Apisara Nardviriyakul,Apisara,Nardviriyakul,Nardviriyakul A
Pensiri Srishewachart,Pensiri,Srishewachart,Srishewachart P
Nichakan Jenkulprasut,Nichakan,Jenkulprasut,Jenkulprasut N
Napat Charoenpithakwong,Napat,Charoenpithakwong,Charoenpithakwong N
Pornprasit Amnajwijit,Pornprasit,Amnajwijit,Amnajwijit P
Kalapangha Bhavakula,Kalapangha,Bhavakula,Bhavakula K
Adul Raksamani,Adul,Raksamani,Raksamani A
Direk Chulachata,Direk,Chulachata,Chulachata D
Vorapa Suwanchinda,Vorapa,Suwanchinda,Suwanchinda V
Winchai Rushatamukayanunt,Winchai,Rushatamukayanunt,Rushatamukayanunt W
Sangsom Pirayavaraporn,Sangsom,Pirayavaraporn,Pirayavaraporn S
Thara Tritrakarn,Thara,Tritrakarn,Tritrakarn T
Shusee Visalyaputra,Shusee,Visalyaputra,Visalyaputra S
Walaiporn Punkla,Walaiporn,Punkla,Punkla W
Ungkab Phakanrattana,Ungkab,Phakanrattana,Phakanrattana U
Bundit Chintanapramote,Bundit,Chintanapramote,Chintanapramote B
Jariya Lertakyamanee,Jariya,Lertakyamanee,Lertakyamanee J
Angkana Lurngnateetape,Angkana,Lurngnateetape,Lurngnateetape A
Tharnthip Pranootnarabhal,Tharnthip,Pranootnarabhal,Pranootnarabhal T
Penkae Ketumarn,Penkae,Ketumarn,Ketumarn P
Nuchsaroch Pechpaisit,Nuchsaroch,Pechpaisit,Pechpaisit N
Somsak Areewatana,Somsak,Areewatana,Areewatana S
Sumittra Chowvanayotin,Sumittra,Chowvanayotin,Chowvanayotin S
Pradit Somprakit,Pradit,Somprakit,Somprakit P
Vimolluck Sanansilp,Vimolluck,Sanansilp,Sanansilp V
Thittima Chinachoti,Thittima,Chinachoti,Chinachoti T
Wanna Srirojanakul,Wanna,Srirojanakul,Srirojanakul W
Preecha Soontranan,Preecha,Soontranan,Soontranan P
Phongthara Vichitvejpaisal,Phongthara,Vichitvejpaisal,Vichitvejpaisal P
Siriporn Pitimana-aree,Siriporn,Pitimana-aree,Pitimana-aree S
Songyos Valairucha,Songyos,Valairucha,Valairucha S
Bencharatana Yok-ubol,Bencharatana,Yok-ubol,Yok-ubol B
Suneerat Kongsayreepong,Suneerat,Kongsayreepong,Kongsayreepong S
Sirilak Suksompong,Sirilak,Suksompong,Suksompong S
Arissara Iamaroon,Arissara,Iamaroon,Iamaroon A
